{  
  "MYCN_fn11": 0.331407994,
  "MAPK_RAS_fn11": 0.985655010,
  "MAPK_RAS_fn01": 0.869527996,
  "p53_fn": 0.277200997,
  "p73_fn": 0.974862993,
  "HIF_fn": 0.606737018,
  "P_cycle_nb": 0.0456999987,
  "P_cycle_sc": 0.0324999988,
  "P_DNA_damageHypo": 0.772947669,	
  "P_DNA_damagerp": 0.771497011,
  "P_unrepDNAHypo": 0.434578806,
  "P_unrepDNArp": 0.890953064,
  "P_necroIS": 0.576758385,
  "P_telorp": 0.0889538229,
  "P_apopChemo": 0.321999997,
  "P_DNA_damage_pathways": 0.128000006,
  "P_apoprp": 0.0299999993,
  "P_necrorp": 0.989708543,
  "scpro_jux": 0.00374000007,
  "nbdiff_jux": 0.000521000009,
  "nbdiff_amount": 0.00999999978,
  "nbapop_jux": 0.0304000005,
  "mig_sc": 1.0
}   