{
    "version": [
        0,
        13,
        5,
        false
    ],
    "config": {
        "seed": 159874,
        "steps": 336,
        "environment": {
            "TERT_rarngm": 0,
            "ATRX_inact": 1,
            "V_tumour": 56.6454,
            "O2": 0.196332,
            "cellularity": [
                0.801527,
                0.0,
                0.0,
                0.0,
                0.0,
                0.0
            ],
            "orchestrator_time": 0,
            "MYCN_amp": 0,
            "ALT": 1,
            "ALK": 0,
            "gradiff": 2,
            "histology_init": 1,
            "nb_telomere_length_mean": 0.689640367292204,
            "nb_telomere_length_sd": 0.5668899997459869,
            "sc_telomere_length_mean": 0.13732375975054112,
            "sc_telomere_length_sd": 0.6576777896565319,
            "extent_of_differentiation_mean": 0.6487574240246723,
            "extent_of_differentiation_sd": 0.3838661929325988,
            "nb_necro_signal_mean": 0.06979167333320091,
            "nb_necro_signal_sd": 0.7408911462060256,
            "nb_apop_signal_mean": 0.8676175678984845,
            "nb_apop_signal_sd": 0.36152898092366537,
            "sc_necro_signal_mean": 0.31127050615003315,
            "sc_necro_signal_sd": 0.4759879354607127,
            "sc_apop_signal_mean": 0.692646213345152,
            "sc_apop_signal_sd": 0.8873088104156299,
            "drug_effects": [
                1.0,
                1.0,
                0.0,
                1.0,
                1.0,
                0.0
            ],
            "start_effects": [
                0
            ],
            "end_effects": [
                144
            ]
        }
    }
}