{
    "version": [
        0,
        13,
        5,
        false
    ],
    "config": {
        "seed": 159874,
        "steps": 336,
        "environment": {
            "TERT_rarngm": 0,
            "ATRX_inact": 1,
            "V_tumour": 47.2763,
            "O2": 0.101143,
            "cellularity": [
                0.520755,
                0.0,
                0.0,
                0.0,
                0.0,
                0.0
            ],
            "orchestrator_time": 0,
            "MYCN_amp": 0,
            "ALT": 1,
            "ALK": 0,
            "gradiff": 2,
            "histology_init": 1,
            "nb_telomere_length_mean": 0.9021318968637942,
            "nb_telomere_length_sd": 0.17775158207569786,
            "sc_telomere_length_mean": 0.6158719797064297,
            "sc_telomere_length_sd": 0.6507731073172595,
            "extent_of_differentiation_mean": 0.33207845241342926,
            "extent_of_differentiation_sd": 0.8373088867985428,
            "nb_necro_signal_mean": 0.993494931515239,
            "nb_necro_signal_sd": 0.3311372635053851,
            "nb_apop_signal_mean": 0.7046652382721265,
            "nb_apop_signal_sd": 0.28933099187390277,
            "sc_necro_signal_mean": 0.5273791283879947,
            "sc_necro_signal_sd": 0.6110109436337471,
            "sc_apop_signal_mean": 0.5423604545624877,
            "sc_apop_signal_sd": 0.4031060795348913,
            "drug_effects": [
                1.0,
                1.0,
                0.0,
                1.0,
                1.0,
                0.0
            ],
            "start_effects": [
                0
            ],
            "end_effects": [
                144
            ]
        }
    }
}