{
    "version": [
        0,
        13,
        5,
        false
    ],
    "config": {
        "seed": 159874,
        "steps": 336,
        "environment": {
            "TERT_rarngm": 0,
            "ATRX_inact": 1,
            "V_tumour": 49.4454,
            "O2": 0.050647,
            "cellularity": [
                0.679245,
                0.0,
                0.0,
                0.0,
                0.0,
                0.0
            ],
            "orchestrator_time": 0,
            "MYCN_amp": 0,
            "ALT": 1,
            "ALK": 0,
            "gradiff": 2,
            "histology_init": 1,
            "nb_telomere_length_mean": 0.9450928564263522,
            "nb_telomere_length_sd": 0.4135180702405279,
            "sc_telomere_length_mean": 0.7676743235511849,
            "sc_telomere_length_sd": 0.8105162820722294,
            "extent_of_differentiation_mean": 0.06622753275671711,
            "extent_of_differentiation_sd": 0.07410312149966991,
            "nb_necro_signal_mean": 0.7188138629491703,
            "nb_necro_signal_sd": 0.8258744532253351,
            "nb_apop_signal_mean": 0.39053580923508646,
            "nb_apop_signal_sd": 0.3392658990752594,
            "sc_necro_signal_mean": 0.457098053112971,
            "sc_necro_signal_sd": 0.6052112757966235,
            "sc_apop_signal_mean": 0.5049731645560103,
            "sc_apop_signal_sd": 0.6729357465573265,
            "drug_effects": [
                1.0,
                1.0,
                0.0,
                1.0,
                1.0,
                0.0
            ],
            "start_effects": [
                0
            ],
            "end_effects": [
                144
            ]
        }
    }
}